{
    "best_hyperparameters": {
        "clf__C": 0.1
    },
    "best_validation_score": 0.9318761198484669,
    "accuracy": 0.9160447761194029,
    "precision_macro": 0.9178913270836712,
    "recall_macro": 0.9154981636179272,
    "f1_macro": 0.915986390071558,
    "precision_weighted": 0.9180022999612983,
    "recall_weighted": 0.9160447761194029,
    "f1_weighted": 0.9163266601832799,
    "classification_report": {
        "0": {
            "precision": 0.9444444444444444,
            "recall": 0.884393063583815,
            "f1-score": 0.9134328358208955,
            "support": 173.0
        },
        "1": {
            "precision": 0.8638743455497382,
            "recall": 0.9269662921348315,
            "f1-score": 0.8943089430894309,
            "support": 178.0
        },
        "2": {
            "precision": 0.9453551912568307,
            "recall": 0.9351351351351351,
            "f1-score": 0.9402173913043478,
            "support": 185.0
        },
        "accuracy": 0.9160447761194029,
        "macro avg": {
            "precision": 0.9178913270836712,
            "recall": 0.9154981636179272,
            "f1-score": 0.915986390071558,
            "support": 536.0
        },
        "weighted avg": {
            "precision": 0.9180022999612983,
            "recall": 0.9160447761194029,
            "f1-score": 0.9163266601832799,
            "support": 536.0
        }
    }
}