{
    "accuracy": 0.775,
    "classification_report": {
        "homophobia": {
            "precision": 0.7391304347826086,
            "recall": 0.85,
            "f1-score": 0.7906976744186046,
            "support": 20.0
        },
        "sexism": {
            "precision": 0.8333333333333334,
            "recall": 0.75,
            "f1-score": 0.7894736842105263,
            "support": 20.0
        },
        "racism": {
            "precision": 1.0,
            "recall": 0.7,
            "f1-score": 0.8235294117647058,
            "support": 20.0
        },
        "no offensive content": {
            "precision": 0.64,
            "recall": 0.8,
            "f1-score": 0.7111111111111111,
            "support": 20.0
        },
        "accuracy": 0.775,
        "macro avg": {
            "precision": 0.8031159420289855,
            "recall": 0.7749999999999999,
            "f1-score": 0.7787029703762369,
            "support": 80.0
        },
        "weighted avg": {
            "precision": 0.8031159420289855,
            "recall": 0.775,
            "f1-score": 0.7787029703762369,
            "support": 80.0
        }
    },
    "confusion_matrix": [
        [
            17,
            0,
            0,
            3
        ],
        [
            3,
            15,
            0,
            2
        ],
        [
            2,
            0,
            14,
            4
        ],
        [
            1,
            3,
            0,
            16
        ]
    ],
    "labels": [
        "homophobia",
        "sexism",
        "racism",
        "no offensive content"
    ]
}