{
    "accuracy": 0.8,
    "classification_report": {
        "0": {
            "precision": 0.8,
            "recall": 0.8,
            "f1-score": 0.8,
            "support": 5.0
        },
        "1": {
            "precision": 1.0,
            "recall": 0.8,
            "f1-score": 0.8888888888888888,
            "support": 5.0
        },
        "2": {
            "precision": 0.75,
            "recall": 0.6,
            "f1-score": 0.6666666666666666,
            "support": 5.0
        },
        "3": {
            "precision": 0.7142857142857143,
            "recall": 1.0,
            "f1-score": 0.8333333333333334,
            "support": 5.0
        },
        "accuracy": 0.8,
        "macro avg": {
            "precision": 0.8160714285714286,
            "recall": 0.8,
            "f1-score": 0.7972222222222223,
            "support": 20.0
        },
        "weighted avg": {
            "precision": 0.8160714285714287,
            "recall": 0.8,
            "f1-score": 0.7972222222222223,
            "support": 20.0
        }
    }
}