{
    "accuracy": 0.9216417910447762,
    "precision_macro": 0.928153339182774,
    "recall_macro": 0.9214647711838723,
    "f1_macro": 0.922532290555753,
    "precision_weighted": 0.9273923345935836,
    "recall_weighted": 0.9216417910447762,
    "f1_weighted": 0.922223556055485,
    "classification_report": {
        "0": {
            "precision": 0.9746835443037974,
            "recall": 0.8651685393258427,
            "f1-score": 0.9166666666666666,
            "support": 89.0
        },
        "1": {
            "precision": 0.8446601941747572,
            "recall": 0.9560439560439561,
            "f1-score": 0.8969072164948454,
            "support": 91.0
        },
        "2": {
            "precision": 0.9651162790697675,
            "recall": 0.9431818181818182,
            "f1-score": 0.9540229885057471,
            "support": 88.0
        },
        "accuracy": 0.9216417910447762,
        "macro avg": {
            "precision": 0.928153339182774,
            "recall": 0.9214647711838723,
            "f1-score": 0.922532290555753,
            "support": 268.0
        },
        "weighted avg": {
            "precision": 0.9273923345935836,
            "recall": 0.9216417910447762,
            "f1-score": 0.922223556055485,
            "support": 268.0
        }
    }
}