{
    "accuracy": 0.9410187667560321,
    "precision_macro": 0.9404065719855192,
    "recall_macro": 0.9414197257850508,
    "f1_macro": 0.9404536983484352,
    "precision_weighted": 0.9428217550130913,
    "recall_weighted": 0.9410187667560321,
    "f1_weighted": 0.9414449714717812
}