{
    "best_hyperparameters": {
        "svc__C": 10,
        "svc__gamma": "scale",
        "svc__kernel": "rbf"
    },
    "best_validation_score": 0.9305035820812947,
    "accuracy": 0.9216417910447762,
    "precision_macro": 0.9247347091066058,
    "recall_macro": 0.9212243873411633,
    "f1_macro": 0.9219906740370836,
    "precision_weighted": 0.9247859660475016,
    "recall_weighted": 0.9216417910447762,
    "f1_weighted": 0.922238409909937,
    "classification_report": {
        "0": {
            "precision": 0.9627329192546584,
            "recall": 0.8959537572254336,
            "f1-score": 0.9281437125748503,
            "support": 173.0
        },
        "1": {
            "precision": 0.8556701030927835,
            "recall": 0.9325842696629213,
            "f1-score": 0.8924731182795699,
            "support": 178.0
        },
        "2": {
            "precision": 0.9558011049723757,
            "recall": 0.9351351351351351,
            "f1-score": 0.9453551912568307,
            "support": 185.0
        },
        "accuracy": 0.9216417910447762,
        "macro avg": {
            "precision": 0.9247347091066058,
            "recall": 0.9212243873411633,
            "f1-score": 0.9219906740370836,
            "support": 536.0
        },
        "weighted avg": {
            "precision": 0.9247859660475016,
            "recall": 0.9216417910447762,
            "f1-score": 0.922238409909937,
            "support": 536.0
        }
    }
}