{
    "accuracy": 0.3125,
    "classification_report": {
        "homophobia": {
            "precision": 0.2,
            "recall": 0.25,
            "f1-score": 0.2222222222222222,
            "support": 4.0
        },
        "sexism": {
            "precision": 0.3333333333333333,
            "recall": 0.25,
            "f1-score": 0.2857142857142857,
            "support": 4.0
        },
        "racism": {
            "precision": 0.5,
            "recall": 0.3333333333333333,
            "f1-score": 0.4,
            "support": 3.0
        },
        "no offensive content": {
            "precision": 0.3333333333333333,
            "recall": 0.4,
            "f1-score": 0.36363636363636365,
            "support": 5.0
        },
        "accuracy": 0.3125,
        "macro avg": {
            "precision": 0.3416666666666666,
            "recall": 0.30833333333333335,
            "f1-score": 0.3178932178932179,
            "support": 16.0
        },
        "weighted avg": {
            "precision": 0.33125,
            "recall": 0.3125,
            "f1-score": 0.31562049062049063,
            "support": 16.0
        }
    },
    "confusion_matrix": [
        [
            1,
            0,
            0,
            3
        ],
        [
            1,
            1,
            1,
            1
        ],
        [
            1,
            1,
            1,
            0
        ],
        [
            2,
            1,
            0,
            2
        ]
    ],
    "labels": [
        "homophobia",
        "sexism",
        "racism",
        "no offensive content"
    ]
}