{
    "accuracy": 0.42105263157894735,
    "classification_report": {
        "homophobia": {
            "precision": 0.38095238095238093,
            "recall": 0.42105263157894735,
            "f1-score": 0.4,
            "support": 19.0
        },
        "sexism": {
            "precision": 0.4,
            "recall": 0.4,
            "f1-score": 0.4,
            "support": 20.0
        },
        "racism": {
            "precision": 0.5454545454545454,
            "recall": 0.3,
            "f1-score": 0.3870967741935484,
            "support": 20.0
        },
        "no offensive content": {
            "precision": 0.4166666666666667,
            "recall": 0.5882352941176471,
            "f1-score": 0.4878048780487805,
            "support": 17.0
        },
        "accuracy": 0.42105263157894735,
        "macro avg": {
            "precision": 0.43576839826839825,
            "recall": 0.42732198142414857,
            "f1-score": 0.4187254130605822,
            "support": 76.0
        },
        "weighted avg": {
            "precision": 0.4372436773752564,
            "recall": 0.42105263157894735,
            "f1-score": 0.41624497908816105,
            "support": 76.0
        }
    },
    "confusion_matrix": [
        [
            8,
            4,
            2,
            5
        ],
        [
            8,
            8,
            1,
            3
        ],
        [
            3,
            5,
            6,
            6
        ],
        [
            2,
            3,
            2,
            10
        ]
    ],
    "labels": [
        "homophobia",
        "sexism",
        "racism",
        "no offensive content"
    ]
}