{
    "accuracy": 0.9222520107238605,
    "classification_report": {
        "0": {
            "precision": 0.9523809523809523,
            "recall": 0.967741935483871,
            "f1-score": 0.96,
            "support": 124.0
        },
        "1": {
            "precision": 0.8951612903225806,
            "recall": 0.8951612903225806,
            "f1-score": 0.8951612903225806,
            "support": 124.0
        },
        "2": {
            "precision": 0.9186991869918699,
            "recall": 0.904,
            "f1-score": 0.9112903225806451,
            "support": 125.0
        },
        "accuracy": 0.9222520107238605,
        "macro avg": {
            "precision": 0.9220804765651343,
            "recall": 0.9223010752688171,
            "f1-score": 0.9221505376344085,
            "support": 373.0
        },
        "weighted avg": {
            "precision": 0.922071411445635,
            "recall": 0.9222520107238605,
            "f1-score": 0.9221214217763556,
            "support": 373.0
        }
    }
}