{
    "accuracy": 0.9276139410187667,
    "classification_report": {
        "0": {
            "precision": 0.96,
            "recall": 0.967741935483871,
            "f1-score": 0.963855421686747,
            "support": 124.0
        },
        "1": {
            "precision": 0.8968253968253969,
            "recall": 0.9112903225806451,
            "f1-score": 0.904,
            "support": 124.0
        },
        "2": {
            "precision": 0.9262295081967213,
            "recall": 0.904,
            "f1-score": 0.9149797570850202,
            "support": 125.0
        },
        "accuracy": 0.9276139410187667,
        "macro avg": {
            "precision": 0.927684968340706,
            "recall": 0.9276774193548386,
            "f1-score": 0.9276117262572557,
            "support": 373.0
        },
        "weighted avg": {
            "precision": 0.9276810663027866,
            "recall": 0.9276139410187667,
            "f1-score": 0.9275778603881613,
            "support": 373.0
        }
    }
}