{
    "best_hyperparameters": {
        "clf__C": 10
    },
    "best_validation_score": 0.9341914495329011,
    "accuracy": 0.9216417910447762,
    "precision_macro": 0.9228136006695046,
    "recall_macro": 0.9210118152184789,
    "f1_macro": 0.9214866674544094,
    "precision_weighted": 0.922791225419103,
    "recall_weighted": 0.9216417910447762,
    "f1_weighted": 0.9217993304039886,
    "classification_report": {
        "0": {
            "precision": 0.950920245398773,
            "recall": 0.8959537572254336,
            "f1-score": 0.9226190476190477,
            "support": 173.0
        },
        "1": {
            "precision": 0.8763440860215054,
            "recall": 0.9157303370786517,
            "f1-score": 0.8956043956043956,
            "support": 178.0
        },
        "2": {
            "precision": 0.9411764705882353,
            "recall": 0.9513513513513514,
            "f1-score": 0.946236559139785,
            "support": 185.0
        },
        "accuracy": 0.9216417910447762,
        "macro avg": {
            "precision": 0.9228136006695046,
            "recall": 0.9210118152184789,
            "f1-score": 0.9214866674544094,
            "support": 536.0
        },
        "weighted avg": {
            "precision": 0.922791225419103,
            "recall": 0.9216417910447762,
            "f1-score": 0.9217993304039886,
            "support": 536.0
        }
    }
}