{
    "accuracy": 0.917910447761194,
    "precision_macro": 0.9199489402523954,
    "recall_macro": 0.9174249458915303,
    "f1_macro": 0.9179764398228017,
    "precision_weighted": 0.9199946530108654,
    "recall_weighted": 0.917910447761194,
    "f1_weighted": 0.9182535926849505,
    "classification_report": {
        "0": {
            "precision": 0.9506172839506173,
            "recall": 0.8901734104046243,
            "f1-score": 0.9194029850746268,
            "support": 173.0
        },
        "1": {
            "precision": 0.8638743455497382,
            "recall": 0.9269662921348315,
            "f1-score": 0.8943089430894309,
            "support": 178.0
        },
        "2": {
            "precision": 0.9453551912568307,
            "recall": 0.9351351351351351,
            "f1-score": 0.9402173913043478,
            "support": 185.0
        },
        "accuracy": 0.917910447761194,
        "macro avg": {
            "precision": 0.9199489402523954,
            "recall": 0.9174249458915303,
            "f1-score": 0.9179764398228017,
            "support": 536.0
        },
        "weighted avg": {
            "precision": 0.9199946530108654,
            "recall": 0.917910447761194,
            "f1-score": 0.9182535926849505,
            "support": 536.0
        }
    }
}