{
    "accuracy": 0.9490616621983914,
    "classification_report": {
        "0": {
            "precision": 0.9682539682539683,
            "recall": 0.9838709677419355,
            "f1-score": 0.976,
            "support": 124.0
        },
        "1": {
            "precision": 0.9140625,
            "recall": 0.9435483870967742,
            "f1-score": 0.9285714285714286,
            "support": 124.0
        },
        "2": {
            "precision": 0.9663865546218487,
            "recall": 0.92,
            "f1-score": 0.9426229508196722,
            "support": 125.0
        },
        "accuracy": 0.9490616621983914,
        "macro avg": {
            "precision": 0.9495676742919391,
            "recall": 0.9491397849462366,
            "f1-score": 0.949064793130367,
            "support": 373.0
        },
        "weighted avg": {
            "precision": 0.9496127651239226,
            "recall": 0.9490616621983914,
            "f1-score": 0.9490475227756465,
            "support": 373.0
        }
    }
}