{
    "accuracy": 0.938337801608579,
    "classification_report": {
        "0": {
            "precision": 0.952755905511811,
            "recall": 0.9758064516129032,
            "f1-score": 0.9641434262948207,
            "support": 124.0
        },
        "1": {
            "precision": 0.905511811023622,
            "recall": 0.9274193548387096,
            "f1-score": 0.9163346613545816,
            "support": 124.0
        },
        "2": {
            "precision": 0.957983193277311,
            "recall": 0.912,
            "f1-score": 0.9344262295081968,
            "support": 125.0
        },
        "accuracy": 0.938337801608579,
        "macro avg": {
            "precision": 0.9387503032709147,
            "recall": 0.9384086021505377,
            "f1-score": 0.938301439052533,
            "support": 373.0
        },
        "weighted avg": {
            "precision": 0.9388018659787066,
            "recall": 0.938337801608579,
            "f1-score": 0.9382910497508056,
            "support": 373.0
        }
    }
}